{
  "strategy": "oracle",
  "globalSwitch": true,
  "expireTime": 60,
  "negativeExpireTime": 60,
  "s": ["c", "cs", "i"],
  "c": [1],
  "aa": [5000],
  "weight": {
    "T": 0.0002,
    "TDE": 0.0012,
    "TGHO": 0.0027,
    "TI": 0.0004,
    "TDS": 0.0004,
    
    "C": 0.0002,
    "CDE": 0.0012,
    "CGHO": 0.0027,
    "CI": 0.0004,
    "CDS": 0.0004,
    
    "I": 0.0002,
    "IGHO": 0.0027,
    "IDE": 0.0012,

    "DEGHO": 0.0027,

    "DS": 0.0001,
    "DSGHO": 0.0027,
    "DSDE": 0.0012,
    
    "GHO": -0.0002,
    "GHODE": 0.0002
  },
  "mr": 0.9990,
  "emr": {
    "WESTE": 1.001,
    "STEWE": 0.9997,
    
    "WEWEE": 0.9,
    "WEEWE": 1.042,

    "WEWST": 0.8,
    "WSTWE": 1.17
  },
  "r": {
    "WEWEE": 1.001,
    "WEEWE": 0.9998,
    "WEEWST": 1,
    "WEESTE": 1.0005,
    
    "WEWST": 1.0006,
    "WSTWE": 1.00001,
    "WSTWEE": 1.001,
    "WSTSTE": 1.0007,
    
    "STEWST": 0.99999,
    "STEWEE": 1.0002,
    "STEWE": 0.9999
  }
}
