{
  "strategy": "oracle",
  "globalSwitch": true,
  "expireTime": 60,
  "negativeExpireTime": 60,
  "s": ["c", "cs", "i"],
  "c": [1],
  "aa": [5000],
  "weight": {
    "T": 0.00027,
    "TDE": 0.0012,
    
    
    "C": 0.00027,
    "CDE": 0.0012,
    
    
    "I": 0.0001,
    "IDE": 0.0012

    
    
  },
  "mr": 0.9984,
  "emr": {
    "WESTE": 1.001,
    "STEWE": 0.9997,
    
    "WEWEE": 0.9,
    "WEEWE": 1.042,

    "WEWST": 0.8,
    "WSTWE": 1.17
  },
  "r": {
    "WEWEE": 1.0002,
    "WEEWE": 0.99999,
    "WEEWST": 1.0002,
    "WEESTE": 1.001,
    
    "WEWST": 1.0002,
    "WSTWE": 0.99999,
    "WSTWEE": 1.0002,
    "WSTSTE": 1.001,
    
    "STEWST": 0.9999,
    "STEWEE": 1.0002,
    "STEWE": 0.9999
  }
}
